accuracy,f1,precision,recall
0.43883811368964887,0.4353278116332443,0.4330868264591586,0.43883811368964887
