accuracy,f1,precision,recall
0.4802257507475888,0.3188391868071662,0.26722141131596067,0.4802257507475888
