accuracy,f1,precision,recall
0.4807171236434598,0.3197067980962214,0.27151750789311124,0.4807171236434598
