accuracy,f1,precision,recall
0.4969745468839939,0.390617750842265,0.4500050906035784,0.4969745468839939
