accuracy,f1,precision,recall
0.4969745468839939,0.3906164792339368,0.4500236674635335,0.4969745468839939
