Break and Enter Residential/Other,Mischief,Other Theft,Theft from Vehicle,accuracy,macro avg,weighted avg
0.42070773263433814,0.3503355704697987,0.42547816672681343,0.5072146986615982,0.4968341546280307,0.4259340421231371,0.4494413858613264
0.15821900928283908,0.018532983029184123,0.11300680532924375,0.9271279675738274,0.4968341546280307,0.3042216913037736,0.4968341546280307
0.22995642051220822,0.035203668734826006,0.17858224780369586,0.6557051446122345,0.4968341546280307,0.27486187041574117,0.3903780350690056
12173.0,14083.0,10433.0,34540.0,0.4968341546280307,71229.0,71229.0
