accuracy,f1,precision,recall
0.4969885861095902,0.3907920168571908,0.4498464607603699,0.4969885861095902
