accuracy,f1,precision,recall
0.4970026253351865,0.39080013756469584,0.44987777090613124,0.4970026253351865
