accuracy,f1,precision,recall
0.4969745468839939,0.3906168430305398,0.4500168919586965,0.4969745468839939
