accuracy,f1,precision,recall
0.4968341546280307,0.3903780350690056,0.4494413858613264,0.4968341546280307
