Break and Enter Residential/Other,Mischief,Other Theft,Theft from Vehicle,accuracy,macro avg,weighted avg
0.4209033384246127,0.35246995994659547,0.4257925072046109,0.5073430395589423,0.4969745468839939,0.4266272112836904,0.4500050906035784
0.15846545633779677,0.01874600582262302,0.11329435445221891,0.9271569195136075,0.4969745468839939,0.30441568403156155,0.4969745468839939
0.23024588207209357,0.03559870550161812,0.1789688848512378,0.6558196209336378,0.4969745468839939,0.2751582733396468,0.390617750842265
12173.0,14083.0,10433.0,34540.0,0.4969745468839939,71229.0,71229.0
