Break and Enter Residential/Other,Mischief,Other Theft,Theft from Vehicle,accuracy,macro avg,weighted avg
0.42099519860323004,0.35246995994659547,0.4257925072046109,0.5073350020595038,0.4969745468839939,0.42664816695348506,0.4500168919586965
0.15846545633779677,0.01874600582262302,0.11329435445221891,0.9271569195136075,0.4969745468839939,0.30441568403156155,0.4969745468839939
0.23025962399283795,0.03559870550161812,0.1789688848512378,0.6558129057361103,0.4969745468839939,0.27516003002045103,0.3906168430305398
12173.0,14083.0,10433.0,34540.0,0.4969745468839939,71229.0,71229.0
