accuracy,f1,precision,recall
0.5116876553089331,0.45046529929042983,0.48347456851592574,0.5116876553089331
