accuracy,f1,precision,recall
0.4969885861095902,0.39074866704149225,0.44993359596636623,0.4969885861095902
